{
  "Total Return (%)": 188.37339776450474,
  "CAGR (%)": 23.944992955828816,
  "Sharpe Ratio": 2.751207009923034,
  "Sortino Ratio": 3.4097829637193,
  "Max Drawdown (%)": -32.59170303185739
}