{
  "Total Return (%)": 164.3079318498998,
  "CAGR (%)": 21.560852713911483,
  "Sharpe Ratio": 3.4217868539009397,
  "Sortino Ratio": 4.670368355094601,
  "Max Drawdown (%)": -14.653777271569234
}