{
  "Total Return (%)": 196.05093268198343,
  "CAGR (%)": 24.588097157506095,
  "Sharpe Ratio": 2.7192395820256308,
  "Sortino Ratio": 3.6236545694001667,
  "Max Drawdown (%)": -25.912536478707604
}