{
  "Total Return (%)": 129.27589933531257,
  "CAGR (%)": 18.137833665101798,
  "Sharpe Ratio": 2.9788272606520696,
  "Sortino Ratio": 4.621287656843347,
  "Max Drawdown (%)": -27.235384535875706
}