{
  "Total Return (%)": 73.0764570864909,
  "CAGR (%)": 11.649654915352748,
  "Sharpe Ratio": 2.9650182540465067,
  "Sortino Ratio": 4.049457560978685,
  "Max Drawdown (%)": -13.076449563167802
}