{
  "Total Return (%)": 58.81171736595492,
  "CAGR (%)": 9.829036720498618,
  "Sharpe Ratio": 3.065777999902961,
  "Sortino Ratio": 3.9324850347587357,
  "Max Drawdown (%)": -8.514568956263934
}