{
  "System1": {
    "Start Equity": 250000.0,
    "End Equity": 292794.54750124924,
    "Total Return (TWR)": 0.1711781900049949,
    "CAGR (TWR)": 0.032070990518718645,
    "Max Drawdown (raw EQ)": -0.05560549244030222,
    "Sharpe (daily, TWR)": 0.8284948965278021
  },
  "System2": {
    "Start Equity": 500000.0,
    "End Equity": 516537.89268235763,
    "Total Return (TWR)": 0.033075785364719,
    "CAGR (TWR)": 0.006522163264978786,
    "Max Drawdown (raw EQ)": -0.14000973413938012,
    "Sharpe (daily, TWR)": 0.13372659505134166
  },
  "System3": {
    "Start Equity": 100000.0,
    "End Equity": 922818.5124250992,
    "Total Return (TWR)": 8.228185124250997,
    "CAGR (TWR)": 0.5588773928336594,
    "Max Drawdown (raw EQ)": -0.3891769763773584,
    "Sharpe (daily, TWR)": 1.4317892555637093
  },
  "Combined": {
    "Start Equity": 850000.0,
    "End Equity": 1732150.952608706,
    "Total Return (TWR)": 1.0378246501278903,
    "CAGR (TWR)": 0.15283107317316147,
    "Max Drawdown (raw EQ)": -0.18587644818952065,
    "Sharpe (daily, TWR)": 1.3521245894816427
  }
}