{
  "System1": {
    "Start Equity": 250000.0,
    "End Equity": 270313.6088701415,
    "Total Return (TWR)": 0.08125443548056999,
    "CAGR (TWR)": 0.015738383733679084,
    "Max Drawdown (raw EQ)": -0.0577898213380178,
    "Sharpe (daily, TWR)": 0.4686253753770526
  },
  "System2": {
    "Start Equity": 500000.0,
    "End Equity": 520621.55772395205,
    "Total Return (TWR)": 0.04124311544790138,
    "CAGR (TWR)": 0.008111354098669032,
    "Max Drawdown (raw EQ)": -0.13883315899057802,
    "Sharpe (daily, TWR)": 0.16539941701928718
  },
  "System3": {
    "Start Equity": 100000.0,
    "End Equity": 939162.8476946178,
    "Total Return (TWR)": 8.391628476946185,
    "CAGR (TWR)": 0.5647380281429808,
    "Max Drawdown (raw EQ)": -0.3891769763773584,
    "Sharpe (daily, TWR)": 1.4425788079748518
  },
  "Combined": {
    "Start Equity": 850000.0,
    "End Equity": 1730098.0142887114,
    "Total Return (TWR)": 1.0354094285749564,
    "CAGR (TWR)": 0.1526475992630183,
    "Max Drawdown (raw EQ)": -0.18542290169501063,
    "Sharpe (daily, TWR)": 1.356403060525777
  }
}