{
  "Total Return (%)": 60.15808941691147,
  "CAGR (%)": 10.009940987978428,
  "Sharpe Ratio": 3.150712146140622,
  "Sortino Ratio": 4.0477832011493815,
  "Max Drawdown (%)": -8.108348914121876
}