{
  "Total Return (%)": 130.13151217323457,
  "CAGR (%)": 18.226263583374692,
  "Sharpe Ratio": 2.812887331215451,
  "Sortino Ratio": 3.733148238534852,
  "Max Drawdown (%)": -26.04665057202301
}