{
  "System1": {
    "Start Equity": 250000.0,
    "End Equity": 297974.6848087988,
    "Total Return (TWR)": 0.19189873923519962,
    "CAGR (TWR)": 0.035693332457282345,
    "Max Drawdown (raw EQ)": -0.05371865143844168,
    "Sharpe (daily, TWR)": 0.9280359677737341
  },
  "System2": {
    "Start Equity": 500000.0,
    "End Equity": 516418.9341942504,
    "Total Return (TWR)": 0.03283786838850444,
    "CAGR (TWR)": 0.00647584941007362,
    "Max Drawdown (raw EQ)": -0.14000973413938012,
    "Sharpe (daily, TWR)": 0.13300059672013578
  },
  "System3": {
    "Start Equity": 100000.0,
    "End Equity": 922818.5124250992,
    "Total Return (TWR)": 8.228185124250997,
    "CAGR (TWR)": 0.5588773928336594,
    "Max Drawdown (raw EQ)": -0.3891769763773584,
    "Sharpe (daily, TWR)": 1.4317892555637093
  },
  "Combined": {
    "Start Equity": 850000.0,
    "End Equity": 1737212.1314281481,
    "Total Return (TWR)": 1.0437789781507596,
    "CAGR (TWR)": 0.1535032426737306,
    "Max Drawdown (raw EQ)": -0.18299867674858417,
    "Sharpe (daily, TWR)": 1.3620122045202823
  }
}