{
  "Total Return (%)": 63.31163170216476,
  "CAGR (%)": 11.21684602915225,
  "Sharpe Ratio": 2.848789384626322,
  "Sortino Ratio": 3.7853675746953317,
  "Max Drawdown (%)": -15.210432642971073
}