{
  "Total Return (%)": 190.97436562835637,
  "CAGR (%)": 23.930842945717366,
  "Sharpe Ratio": 2.7593754613156554,
  "Sortino Ratio": 3.4060964286993456,
  "Max Drawdown (%)": -32.59170303185739
}