{
  "Total Return (%)": 143.6754754745885,
  "CAGR (%)": 19.592234437959743,
  "Sharpe Ratio": 2.566176616151946,
  "Sortino Ratio": 4.068652145958806,
  "Max Drawdown (%)": -38.35338524843621
}