{
  "Total Return (%)": 196.05093268198343,
  "Sharpe": 2.7192395820256308,
  "Max Drawdown (%)": -25.912536478707604
}