{
  "Total Return (%)": 216.65128554736287,
  "CAGR (%)": 26.05412123088715,
  "Sharpe Ratio": 2.992397044249769,
  "Sortino Ratio": 3.843069246443282,
  "Max Drawdown (%)": -29.56721747305223
}