{
  "System1": {
    "Start Equity": 250000.0,
    "End Equity": 289699.198155206,
    "Total Return (TWR)": 0.1587967926208238,
    "CAGR (TWR)": 0.029898548905264777,
    "Max Drawdown (raw EQ)": -0.05617619313630218,
    "Sharpe (daily, TWR)": 0.7680900283514923
  },
  "System2": {
    "Start Equity": 500000.0,
    "End Equity": 518364.32244323345,
    "Total Return (TWR)": 0.036728644886468986,
    "CAGR (TWR)": 0.007236148931566655,
    "Max Drawdown (raw EQ)": -0.1401463415856652,
    "Sharpe (daily, TWR)": 0.14483604398469596
  },
  "System3": {
    "Start Equity": 100000.0,
    "End Equity": 920814.4048159199,
    "Total Return (TWR)": 8.208144048159205,
    "CAGR (TWR)": 0.5585789847339351,
    "Max Drawdown (raw EQ)": -0.3891769763773584,
    "Sharpe (daily, TWR)": 1.431100786327552
  },
  "Combined": {
    "Start Equity": 850000.0,
    "End Equity": 1728877.9254143594,
    "Total Return (TWR)": 1.0339740298992468,
    "CAGR (TWR)": 0.1524850698525384,
    "Max Drawdown (raw EQ)": -0.18631061914411873,
    "Sharpe (daily, TWR)": 1.3465120081150919
  }
}