{
  "Total Return (%)": 78.13721901278743,
  "CAGR (%)": 12.415404688058596,
  "Sharpe Ratio": 3.3456406449526974,
  "Sortino Ratio": 4.59313597382491,
  "Max Drawdown (%)": -8.470290842713535
}