{
  "Total Return (%)": 130.13151217323448,
  "CAGR (%)": 18.226263583374692,
  "Sharpe Ratio": 2.812887331215448,
  "Sortino Ratio": 3.733148238534848,
  "Max Drawdown (%)": -26.046650572023022
}