{
  "System1": {
    "Start Equity": 250000.0,
    "End Equity": 269499.755780713,
    "Total Return (TWR)": 0.07799902312285201,
    "CAGR (TWR)": 0.01512634939544033,
    "Max Drawdown (raw EQ)": -0.0578595850775554,
    "Sharpe (daily, TWR)": 0.4500191486509575
  },
  "System2": {
    "Start Equity": 500000.0,
    "End Equity": 522069.8760483441,
    "Total Return (TWR)": 0.04413975209669352,
    "CAGR (TWR)": 0.00867131754849515,
    "Max Drawdown (raw EQ)": -0.13866735930241136,
    "Sharpe (daily, TWR)": 0.17482403104648456
  },
  "System3": {
    "Start Equity": 100000.0,
    "End Equity": 981548.4404323605,
    "Total Return (TWR)": 8.815484404323612,
    "CAGR (TWR)": 0.5786058371410503,
    "Max Drawdown (raw EQ)": -0.3891769763773584,
    "Sharpe (daily, TWR)": 1.4659216073294197
  },
  "Combined": {
    "Start Equity": 850000.0,
    "End Equity": 1773118.0722614178,
    "Total Return (TWR)": 1.086021261484011,
    "CAGR (TWR)": 0.15832057702345703,
    "Max Drawdown (raw EQ)": -0.1853710726386959,
    "Sharpe (daily, TWR)": 1.3952677239170785
  }
}