{
  "Total Return (%)": 4.149196368772778,
  "CAGR (%)": 0.8268629881602152,
  "Sharpe Ratio": 0.7581101889461365,
  "Sortino Ratio": 1.155915396923321,
  "Max Drawdown (%)": -30.63763332183852
}