{
  "Number of Trades": 2428,
  "Win Rate (%)": 52.84184514003295,
  "Average Win ($)": 627.9816427389376,
  "Average Loss ($)": -514.4534166696019,
  "Profit Factor": 1.3677983086842533
}