{
  "Number of Trades": 1129,
  "Win Rate (%)": 54.472984942426926,
  "Average Win ($)": 333.8811935103599,
  "Average Loss ($)": -285.06851486948733,
  "Profit Factor": 1.4013760819701062
}