{
  "Number of Trades": 572,
  "Win Rate (%)": 51.22377622377622,
  "Average Win ($)": 507.4710501720839,
  "Average Loss ($)": -363.534733666535,
  "Profit Factor": 1.4659824714361112
}