{
  "Number of Trades": 737,
  "Win Rate (%)": 51.56037991858887,
  "Average Win ($)": 758.1056473493245,
  "Average Loss ($)": -536.3613486929285,
  "Profit Factor": 1.5044842243409442
}