{
  "Number of Trades": 1250,
  "Win Rate (%)": 54.0,
  "Average Win ($)": 393.6630021638803,
  "Average Loss ($)": -319.24967049681624,
  "Profit Factor": 1.4475383240202861
}