{
  "Number of Trades": 572,
  "Win Rate (%)": 51.22377622377622,
  "Average Win ($)": 507.4710501720838,
  "Average Loss ($)": -363.534733666535,
  "Profit Factor": 1.465982471436111
}