{
  "Number of Trades": 2500,
  "Win Rate (%)": 54.2,
  "Average Win ($)": 559.8205990004407,
  "Average Loss ($)": -537.9540123980829,
  "Profit Factor": 1.2336637065663987
}