{
  "Number of Trades": 2410,
  "Win Rate (%)": 52.94605809128631,
  "Average Win ($)": 585.0413214649043,
  "Average Loss ($)": -489.89273418065403,
  "Profit Factor": 1.343764497982735
}