{
  "Number of Trades": 1095,
  "Win Rate (%)": 54.24657534246575,
  "Average Win ($)": 338.44443038594477,
  "Average Loss ($)": -281.19341762942054,
  "Profit Factor": 1.4270228933257192
}