{
  "Number of Trades": 2500,
  "Win Rate (%)": 53.04,
  "Average Win ($)": 656.2928948043158,
  "Average Loss ($)": -562.8981013695621,
  "Profit Factor": 1.3168713398072416
}