{
  "Number of Trades": 1250,
  "Win Rate (%)": 54.800000000000004,
  "Average Win ($)": 368.580138714421,
  "Average Loss ($)": -333.6402226495952,
  "Profit Factor": 1.3441127583539456
}