{
  "Number of Trades": 644,
  "Win Rate (%)": 52.01863354037267,
  "Average Win ($)": 507.9186822371521,
  "Average Loss ($)": -369.1392644420507,
  "Profit Factor": 1.491730166845658
}